--
-- PostgreSQL database dump
--

-- Dumped from database version 14.0
-- Dumped by pg_dump version 14.1

-- Started on 2022-02-12 20:02:18 IST

SET statement_timeout = 0;
SET lock_timeout = 0;
SET idle_in_transaction_session_timeout = 0;
SET client_encoding = 'UTF8';
SET standard_conforming_strings = on;
SELECT pg_catalog.set_config('search_path', '', false);
SET check_function_bodies = false;
SET xmloption = content;
SET client_min_messages = warning;
SET row_security = off;

SET default_tablespace = '';

SET default_table_access_method = heap;

--
-- TOC entry 213 (class 1259 OID 33409)
-- Name: category; Type: TABLE; Schema: public; Owner: danazoulay
--

CREATE TABLE public.category (
    id integer NOT NULL,
    name character varying(50)
);


ALTER TABLE public.category OWNER TO danazoulay;

--
-- TOC entry 214 (class 1259 OID 33414)
-- Name: category_id_seq; Type: SEQUENCE; Schema: public; Owner: danazoulay
--

ALTER TABLE public.category ALTER COLUMN id ADD GENERATED BY DEFAULT AS IDENTITY (
    SEQUENCE NAME public.category_id_seq
    START WITH 1
    INCREMENT BY 1
    NO MINVALUE
    NO MAXVALUE
    CACHE 1
);


--
-- TOC entry 209 (class 1259 OID 17027)
-- Name: news; Type: TABLE; Schema: public; Owner: danazoulay
--

CREATE TABLE public.news (
    id integer NOT NULL,
    "createdAt" date DEFAULT now() NOT NULL,
    content text,
    title character varying(100),
    tag integer,
    category integer,
    img character varying(75)
);


ALTER TABLE public.news OWNER TO danazoulay;

--
-- TOC entry 210 (class 1259 OID 17035)
-- Name: news_id_seq; Type: SEQUENCE; Schema: public; Owner: danazoulay
--

ALTER TABLE public.news ALTER COLUMN id ADD GENERATED ALWAYS AS IDENTITY (
    SEQUENCE NAME public.news_id_seq
    START WITH 1
    INCREMENT BY 1
    NO MINVALUE
    NO MAXVALUE
    CACHE 1
);


--
-- TOC entry 211 (class 1259 OID 25217)
-- Name: tags; Type: TABLE; Schema: public; Owner: danazoulay
--

CREATE TABLE public.tags (
    id integer NOT NULL,
    name character varying(50),
    logo character varying(50)
);


ALTER TABLE public.tags OWNER TO danazoulay;

--
-- TOC entry 212 (class 1259 OID 25222)
-- Name: tags_id_seq; Type: SEQUENCE; Schema: public; Owner: danazoulay
--

ALTER TABLE public.tags ALTER COLUMN id ADD GENERATED BY DEFAULT AS IDENTITY (
    SEQUENCE NAME public.tags_id_seq
    START WITH 1
    INCREMENT BY 1
    NO MINVALUE
    NO MAXVALUE
    CACHE 1
);


--
-- TOC entry 3591 (class 0 OID 33409)
-- Dependencies: 213
-- Data for Name: category; Type: TABLE DATA; Schema: public; Owner: danazoulay
--

COPY public.category (id, name) FROM stdin;
0	Articles & News
1	News
2	Articles
\.


--
-- TOC entry 3587 (class 0 OID 17027)
-- Dependencies: 209
-- Data for Name: news; Type: TABLE DATA; Schema: public; Owner: danazoulay
--

COPY public.news (id, "createdAt", content, title, tag, category, img) FROM stdin;
1	2021-01-30	After a takedown attempt in 2020 by the global law enforcement, that somehow wasn't that successful, a new TrickBot version has arrived.	Is TrickBot Indestructible?	2	1	articleImg/art1.png
2	2021-01-29	North Korea-backed threat actors are impersonating security experts to launch attacks on the security community possibly to obtain details of undisclosed vulnerabilities that can be exploited later.	North Korean Hackers Building Fake Persona on Social Networks	3	2	articleImg/art2.png
3	2021-01-29	Emotet, one of the most active and dangerous botnets, has been taken down by international authorities, in an operation coordinated by Europol and Eurojust.	Emotet - Soon to be Dead and Buried	4	1	articleImg/art3.png
4	2021-01-29	CyberNT Databases have been breached by anonymous hackers, due to an undisclosed vulnerability. the commercial website holds sensitive unpublished information about the latest hackings news which can be affect hundreds of companies. A day after the leak which was found in an anonymous pastebin post. The vulnerability should be fixed by now.	Emotet - Soon to be Dead and Buried	1	2	articleImg/art4.png
5	2021-01-29	Although the tactic was unique considering the targeting of security researchers, it is not technically novel. This incident is a reminder to maintain your psychological defenses and stay vigilant.	North Korean Hackers Exploiting Psychological Weaknesses	1	1	articleImg/art5.png
\.


--
-- TOC entry 3589 (class 0 OID 25217)
-- Dependencies: 211
-- Data for Name: tags; Type: TABLE DATA; Schema: public; Owner: danazoulay
--

COPY public.tags (id, name, logo) FROM stdin;
1	Data Leaks	/svgIcons/locker.svg
2	Vulnerabilities	/svgIcons/mask.svg
3	Cyber Attacks	/svgIcons/virus.svg
4	Malwares	/svgIcons/bomb.svg
\.


--
-- TOC entry 3598 (class 0 OID 0)
-- Dependencies: 214
-- Name: category_id_seq; Type: SEQUENCE SET; Schema: public; Owner: danazoulay
--

SELECT pg_catalog.setval('public.category_id_seq', 3, true);


--
-- TOC entry 3599 (class 0 OID 0)
-- Dependencies: 210
-- Name: news_id_seq; Type: SEQUENCE SET; Schema: public; Owner: danazoulay
--

SELECT pg_catalog.setval('public.news_id_seq', 13, true);


--
-- TOC entry 3600 (class 0 OID 0)
-- Dependencies: 212
-- Name: tags_id_seq; Type: SEQUENCE SET; Schema: public; Owner: danazoulay
--

SELECT pg_catalog.setval('public.tags_id_seq', 4, true);


--
-- TOC entry 3447 (class 2606 OID 33413)
-- Name: category category_pkey; Type: CONSTRAINT; Schema: public; Owner: danazoulay
--

ALTER TABLE ONLY public.category
    ADD CONSTRAINT category_pkey PRIMARY KEY (id);


--
-- TOC entry 3443 (class 2606 OID 17032)
-- Name: news news_pkey; Type: CONSTRAINT; Schema: public; Owner: danazoulay
--

ALTER TABLE ONLY public.news
    ADD CONSTRAINT news_pkey PRIMARY KEY (id);


--
-- TOC entry 3445 (class 2606 OID 25221)
-- Name: tags tags_pkey; Type: CONSTRAINT; Schema: public; Owner: danazoulay
--

ALTER TABLE ONLY public.tags
    ADD CONSTRAINT tags_pkey PRIMARY KEY (id);


-- Completed on 2022-02-12 20:02:18 IST

--
-- PostgreSQL database dump complete
--

